image,png_name,png_file_bytes,width,height,png_sha256,ppm_sha256
0801.ppm,0801.png,4717456,2040,1356,ab5cf6a1cac2d1c2d0792dbd274fd2e53e42118ab6537771a825fd87aa28a60c,a3fe7f0e5efe0faecb1188860213e6ae6c72182b3b7601bb6ab4807656fa2abb
0802.ppm,0802.png,4122447,2040,1356,4ad6f3ca8bf740192042978121f05ec493ddbe5a3da5584eaf0d9699c25ee431,c0dd3747cee1628bdbf6a7f7429e35022545c36b1a39efe4dcb87ddef12a9ff2
0803.ppm,0803.png,3603535,2040,1536,4b0148a9a1ff877ad9f76e65736a50cc36e10822b5d8ccd2abb2988ff4e1782b,bab9bda337d0ef1802b313aaf5b182dcf96e8edff1f3a918b838f6ff1e92a601
0804.ppm,0804.png,4299524,2040,1200,16b5fdbe808b868bed0be32f235208a1716d44e271a37b79cbc77ab53d2f6bdb,025c492b3ad06656350aed60564b271b3f0be6a2ec682e4fa6507f963b893c73
0805.ppm,0805.png,5563516,2040,1536,e28d56feee10c2e2663f347dda574fff736894dba37341d37b91bac2ecd863b2,0181302278edbde71ff574276560289f9cf9608e18334cef469ec0af74859ded
0806.ppm,0806.png,4021399,2040,1356,36720ddd59f8b3eed28f8981e12e6e2d680bfa78b9d25f33ec4152013652c713,920ffe2c1d479b205957b00c4707beea7e695df8f9815a8cdb41e3d7718b22a4
0807.ppm,0807.png,5474160,2040,1128,4a2493d918862f703f783dc675bacbae5bd7698aa58f81ddb8bb71cf39ac173a,d57f74ddd5c9b7f1542014215fcb82dc7cfa48c3e331f8b72fdc5ccc5b9dc285
0808.ppm,0808.png,4254169,2040,1356,956528ab3e0fadad1ed8ce93f93a30bf9f58c36ffa9dd775e2ad362ffdcf5ace,485559d291e743d8c059ffd8a817f2006e3c691204286dd952dc0343b3e6db56
0809.ppm,0809.png,4339370,2040,1356,a0b094da02bcaeabea1976fb939c87366d437bdda1a796fbc3f4700fb5e7bbed,9415545b90cca69427280dc9061fc8c699582c32ad8bbf546ff3fefddc009428
0810.ppm,0810.png,5181098,2040,1536,6940c660b97d2c5f1113101c3e6360d1d6886743c5796cad52224b8076b903f8,2af1aaf1f3053f4bfdb48b55249da786cc9fda323c9a7864661dda4b63451f73
0811.ppm,0811.png,4787796,2040,1356,7016bcf4112049162da604772c810bed4f5983af52e07d23755ac2c3475fe8ad,c651935c7988d5357af139b9c83bca9053509f9ba0c3a7379e07c3b6add40b3c
0812.ppm,0812.png,4943543,2040,1536,49e45b8922872b44ece90db047756f3a5356612bb6ee30bdc23df2bd208ec861,35a7491b18a5ff30defb184952f101151f64d5abc5cfacd09b40492c3da8b1d1
0813.ppm,0813.png,3897820,2040,1464,71c06a2c36979345c99c887e7bd6aebfd0bd1648d93b7bd15f56c65e1291b37e,794e5ede215e01bc6fac8957a4d3471ff6f0f44742423bbbfb1b0cbf5a7d19e5
0814.ppm,0814.png,2728107,2040,1356,2fec903d11d2a79070268a4316c100f8314eaadd8f8a65cce152f14826f04876,4b17cd5d649a9a1039ecbde80526abda12d141498909b57004f36adb97a6824f
0815.ppm,0815.png,4202602,2040,1356,c8f278e51f2bc9be7a696935b7e386eb4adafde24572d8ecdd4edf8adf4b4108,0c099e8a308fa289ec54488a863116204eb15c4131b4d35e21841b6f761159f6
0816.ppm,0816.png,4306328,2040,1356,87b7b2a666c92efdb24eadf67bc0c68bce5560ee89bd0532f50f94d8cf88b434,bf66c4c29b7be662e856b530c2ffbfb86d728e189de889df913143e2e32705a3
0817.ppm,0817.png,4925039,2040,1536,fdb28a6df3408758cc6d87563a157081c22d1325ea6d8034405ce45abcfc3879,73f871411cd4c4cd5b3512cacc0c9cfdac1b775344a432f91b79be2694d85ccc
0818.ppm,0818.png,4244171,2040,1536,8679d88891d7e8491fd61abded2c6864d90f5c1817b300f5d5796d05bb11488f,b3431638b191733a18eafc7de1cf511e3ef2794373e8cd83791434542c6fe646
0819.ppm,0819.png,4815213,2040,1356,fcbc6cb7e7cdb717e94d8c8eaf659d6b2bfa513aa133c0d2c4a8e2aa96092529,63556d73431e1e02edd32b38851bbc041f3c4011ea4575060b01f231767e89ee
0820.ppm,0820.png,4931014,2040,1356,2617cfc25dd5442cc017bd17aa24ecae4751b1e5ed6013e8adddb727617bcd5b,6cac6300c4bad0b271d91f41d45780288fe915c356c05a1e7345273a79c3d426
0821.ppm,0821.png,4565533,2040,1356,0eb14dfcb1d21cb5d3437dc5135c458154cd7fabed8147fbdc415d3ef671c14b,99b3dfce94f81a0a0ca41038a5800b23b6a187b0c9c762137825e2c2fbe64eea
0822.ppm,0822.png,5487753,2040,1596,a1d308fd62adecb1ea8b0fa8d0c687c92d3cf0d3358e598c8b97aca1b9cf8ad0,342ffd313e90cab3f9da4e0d193fec2a4bc22a41814a79a72fec271a18d4d18b
0823.ppm,0823.png,4005936,2040,1284,8db26bddf2ac9975e5227be3eb1180f6377145eee5dca1e421100014cbd7ef6e,555e9bd874c7a6b1d6a97ee05a764ec922a3da954d6fdbbd3b9a6fb25ff1c3cf
0824.ppm,0824.png,3385849,2040,1356,484316545f6b08655d30faa1bc5f29eb6821d049b62bb528319b504790c188e2,e74d2f2265933916f0e54598f8a274784902873bb3812f214ea567dbacb9f8ab
0825.ppm,0825.png,4502904,2040,1356,0db87d6f7d6cf3a12fc384d8232c337fe0f509f2518845166c1033e22169115d,b89c4750ad849cd2ebd4b30e7e483cfff1b284376a98e417940b9b4ac3b73edf
0826.ppm,0826.png,5230752,2040,1536,b0f675a14e8fe9f2ec0b705bee98d75f8a22478eafdc1a0a0afc0f820bc5ab4d,87934d1abf44bdf2fb92660cc574b95adacfe91d0aa2321bd361442661592319
0827.ppm,0827.png,4021174,2040,1536,e8cfa94ed77a021b63da63406940de3a830fe1217e752b5929d50602a1aaa407,56b5c8e0f0db13f0794105c8e4f1ea1eab4b4d6c4f344dd8b73476c0e47e2ddc
0828.ppm,0828.png,4574924,2040,1356,a62013e252fa503920f54b9b1eff9babd501c742d2c82c97d7c22394493ffa12,863414d932b2f7ec1113cec6765d4af9b34ce109356dc0878a727e838a5d1081
0829.ppm,0829.png,5925731,2040,1356,de81c82e13d499226fd96505b6a72f59b6b8506c03ff0b6d06b6393d066f68a4,99709d63df9a174eaaa6e2dab997afa664bf630d4e37267a1125623f63668fcc
0830.ppm,0830.png,2787129,2040,816,4eb18566ab01447a06daf0314a3711aa78cea5ca0eaa47cfedafbceeb6dd0a3e,709035128ef820e5f61f8bac17161010aca92ce08fbe761453939cdfa48cd074
0831.ppm,0831.png,4113907,2040,1356,343c5d2665d9c5efd7a5444e72d383f63d96bac35902ed088c9a3ee88e0d4ed2,8b2602dfd67ca12892787b5f5eff739adde1c284cc32ff9895353147ae2923e4
0832.ppm,0832.png,4242614,2040,1356,5c609d644b5924900e82dbecadfb85497b77d6cfad52a0c4c7e43a83f9868c33,56f79ca1de4e1e77e7342dcbf4aa418260be9e86cb0c783fb3bce2ea571e9c50
0833.ppm,0833.png,3207704,2040,1548,2e9668b3a318284ec90c9bbdd940317ecd2f7b95314e68c48c94d2380fad679a,4011a453a9be20616a2e65a889cb48ea272fb100cd2facd922aa3701ab141396
0834.ppm,0834.png,4244561,2040,1356,4d2621a246e4a771754aa0052b91d79dbebfe866d9dbd8200e3c68e038a3de88,72e243931a1e42a8eb15ba3ccebef36c113c756ed437ccce7576f0155052bc1c
0835.ppm,0835.png,7068051,1620,2040,263cfd9c7d2eee15b29250e6d0dc366ed680feb222de3f8c2fb5c6bd304608e4,84f5c5b69fe1832f41edc654f30523f8781d0cce888b2a479e78c650a30c4bb6
0836.ppm,0836.png,4627823,2040,1536,d056c4afc22367640c8ec7a1b84c06eaa7405e29363f0e75ea824e15aec149d0,2b17f5bb5894e860364a655931433bcf7524ea785fe7ade58b62b5d0b797a4ca
0837.ppm,0837.png,4545836,2040,1356,4618bd32e1d1a2ef0f4ad3f6b941e3745a97371fd300dad3c5c4c9013caec8db,6816316ecf0ca474421198c125738cfaad8be559bc916907a0be9eca7b558b93
0838.ppm,0838.png,3703899,2040,1356,01e42bb5efb35d97a9931fc421f793e3c12d0922a3df288bbfd148b6a82a145b,dd1602ca9381c82c334051ac2f0d60b75220b5f46fe73629cfd0a855e125294a
0839.ppm,0839.png,3370623,2040,1356,818abf16ba0aacc3fb6737c5ddd7c2188ca7321b6b28b7f4ba1898627387dee7,ead45aaf011e2f54db6e5c566859f5b53623c33936e22dbdd3b56e623614a702
0840.ppm,0840.png,4830893,2040,1356,e023c2b2628b7d897d69150baa40be6ceda9fe0e45a0d51348011c6a47b44d86,d6581c0eb9f823ddc2f6bde8eb0952f04e5e204eeb90650cfe06f69786d2c76f
0841.ppm,0841.png,4297052,2040,1356,0f46093cd84e7ee037d1ded8680f2f39583af5dadac0da580a3911ed482de285,910a57c2b3bc19564c7571bc7af813df76982ab16ff894c65e4216e858c3f912
0842.ppm,0842.png,3963779,2040,1356,c6ec845abfd696fcf5f39beadb8632ecc56ac8416318a9dbb27c4c4d294aa592,144f48c1ae28f44dc51ff93bcabc3f8fdb0fbf2e998b24ee59bb009e7c15df73
0843.ppm,0843.png,889583,2040,1356,3ef88e17c711156a52ef8c7385f01b364ade64bb0d90938debfc4b454e0d1e06,5b7a49d80e0e6f9945c01ab13eaa3e0e044faa3caf2f9aaf4cafc34da3486700
0844.ppm,0844.png,2243863,1356,2040,93da0f98885573c518891c5eb6004818436ae36cf1ed894cfef853e131d9d86d,44f40d2c1c0c35a8d5b13a084f6522d9cb706195db4e50f7f68a686c4be12cb2
0845.ppm,0845.png,4925811,2040,1356,35416e153d4ffd1f83df1502dca371db2059e818b72c1e3a95fb9a9266b59172,a0795161ff4b246de8947c365dbbda4026e3bec68c8f211f06a9ba10f024f165
0846.ppm,0846.png,3731418,2040,1368,eaef63b3b0889ea99559e1e959240393505d9f6d4d5cb7f6a90729b024b4ffb4,5c06e94c04f579bb9d00c6402a1e6ccdba787e625f1d71b9a02e4a257c395357
0847.ppm,0847.png,4492593,1356,2040,ce39eab49b45fc08177556f7c9ae0d0e928e283fb3cd471bddf0fbf17db8ca73,a499aea939e6f587f2bc05df223057e56baec50dfd208959d03893b38c216950
0848.ppm,0848.png,5862697,2040,1536,4a8f2f4eee348242b17eb7ee72aad9c1c1fe870a1d414db4704819fede40b660,a5077ad028406ce5a30ce40dfd48e7ff367c9d949d4c8acad2b9478b9ce89ac9
0849.ppm,0849.png,5716317,2040,1356,1d576e20f4720050d0b7af5295b323c342a5284ed75a8ce3bae6e0cb46c89eb6,bfb2db6053fe83080d7b8449b859f2998fd3b6235426c48b3484adc23746e86b
0850.ppm,0850.png,3827651,2040,1356,1d026bda033ce6fa0db97aa3ec120f3609663f4d0aaf2f9d8e677fdbe235ab03,55cfb1f08c91fd03425ad9c99392cf35e03cae1f4b9df6eb52ea0840d724da00
0851.ppm,0851.png,4215676,2040,1344,1c4bc95887a3c06f9690fec153d5548ec52039c8ba83da749f2b5f6e0d2ecf33,9875327abcc1de7b114e6d66b96cbf584cd2d82f73b9f1c5cb1047c9ae7fd4da
0852.ppm,0852.png,3201500,2040,1152,47f4db4100055a954606d789dfe183612ea7e196a06b2e7bc4bd39c3522628ee,1fa73515ce3edb5d428df5a0839581e6a5402233d82bad21b071e992b6cd7340
0853.ppm,0853.png,3698205,2040,1356,854189ea5c2a325324500c6cf7168e0b78d30b09606eb5a59f938a5ae69139fe,09fb5e895dc78554f044771e47cfc225d41ac16f5e9a753e054e2e5f6692df9f
0854.ppm,0854.png,4019888,2040,1068,f77817c7a5d940baf174efa61d2fbf40354a08ade7a151e155ce62bd2481eca8,c9059ed4752d913211c223939c7eedaf37a91fcfb78dcd17dd8c51b4976375fe
0855.ppm,0855.png,6949952,2040,2040,86001004f1eb6a1e182bb2ed3c23093d2656690a61091b2822af1c9124a40141,69a023a45ee5d13aa86eb197528c682da37c5f6dfb703f587eb59c96e23dceab
0856.ppm,0856.png,5540883,2040,1356,cf845f85d9f65570938a15f56fe9de749619f9bee35533944f46bba94f0ff77b,82a561545617e12970980f1c4e688554e7ba0d4946c189df6df23ebe1f4d2ba4
0857.ppm,0857.png,4403626,2040,1416,4fafd48e2926f530129290c9f843490dcbf7809c8505c123a5f18ec2a5005611,7a58c0275a954b2f5344fd8d8b2a470fbe88ecab568e3cf28a1b853cd865a038
0858.ppm,0858.png,4964857,2040,1356,428049494acf4dadf08c5bd62c8711ac258af5fa0f008b5fb389a4fffca96c58,d4fb32b40fd32da1d253c33db4fb5c6e6694d8dc496e58b46e15709d54125b74
0859.ppm,0859.png,5629476,2040,1356,3ada872de7c5def1d408920385db278b1ff3a5a0cfcab83105a789ff540a1827,0e9697d05e9c719bbfc2ca1e55c1144927c0ff38abc3de5969941a97b1acaf97
0860.ppm,0860.png,6924526,2040,1536,eac29d623ecfab9e2299c04b49e5da3f282a576eb7f9107d0b88076c972ac3ef,dcf8b4b2ca3f5a32134032dafca5aca5108ae29e92da539c60d12a0a2d042501
0861.ppm,0861.png,4772995,2040,1356,c6fe192a3f1b702948e99c483f04edfb362d2d218082a12457a5b0f09219ffc6,770a3b826e65116ab2200e87741fd538cabd54dab8c04c0bd03031fc6470a855
0862.ppm,0862.png,3949060,2040,1356,31a02d7392ee9dadd4b8a2c1b5b9d670943135d0d40e85d4178ab77923c75548,3e2ce944929f6a2820acd019cab4f96eca28a518a0e90191eed7235a1b0e7e12
0863.ppm,0863.png,4066313,1500,2040,5e98cca0fbeb2e649fa36a41a06240ce4ec4b05aa23859da13797f8ded0d5c1f,a84cf1af27add31c2df93567e1c956fbae73195b22e88d687840ad5225655f11
0864.ppm,0864.png,4252847,2040,1356,ca9811dd5910f947ee4dc75f709dcffe17bb7811ca562a0e4bcdefc781eadd76,04100790563a65842ee2bb03a6828dfb7804aabe32ab0fa22bc8701766d6f9ee
0865.ppm,0865.png,4526749,2040,1536,46ced1e049fce5a0381c3dc7d7276d058f78a7a7dab5cd88ef7a224cbf51fdb1,cfa25c214750fa194852fd3a08db02f43ec1b3a792baa01a33ed084fb4d7bef5
0866.ppm,0866.png,4858752,1356,2040,7fc232b9294ea4e6f32bdacc26f314efc067ee0359c5ff1a7000ec61c8da8511,853278cf127b6626c7b3edbf03ede6c34905989d78b6d49ab003746056d3f6cd
0867.ppm,0867.png,4424621,1356,2040,e3c2ee14a108f50479db683e3a6adc3682374eba236f64c74397fdb55a17b264,a279c97499740894d3362c60e8ecf63dc8136499317c07ac637edd0c3601f964
0868.ppm,0868.png,1544560,2040,1356,ba7de4237fa7cbdc2fff31f35015711909e501230e7c2f3f01f4e8dcf7a23c95,1d5d4ec1296b7155e62b4b2c2fef19a0bb10ca1c8225efba201dd964f7e1dda2
0869.ppm,0869.png,4592299,1356,2040,68a693195536fc94bc34ce7ff0e041990916fed73164a7c2dce00098a178ac75,e5e2449bd9ad49e1ab53e1d6ec5d7f8360b12522816d2437fd31583a1e5ff70a
0870.ppm,0870.png,5785333,2040,1572,f03f496bb0f21d53012723782bfdbcbbde66115c45c35aa7d83373c304a9c041,a163b2004f498dda47c6809fa1a9c9ece2f9f35d1260832609bf2fdfbb767f05
0871.ppm,0871.png,3864477,2040,1356,777df9ed736ff3ccc73388e90de36e131c002dfac64767f3b8ebccdd2cd5f058,341343e9e86d760dd29d889b3424f7b9aabd229a51f1baf40bcb691d2e2d7a19
0872.ppm,0872.png,5653803,2040,1356,028ca10affee013698c7f15068fe4813a9d7b2c24f2bd40dac68305774a5577a,b0a3bd6db346130316ca474a3ed13eec87a3924f0b542aa43a29a835d099c14c
0873.ppm,0873.png,4626683,2040,1356,3fcb2ae160dd255180854eaf54051c40cd205421367d0352144bb7490bc9afb1,dbfab099c57ea1948fbc9933d849ff9e9eb7974cab7fec65309f69b1403623ce
0874.ppm,0874.png,4639993,2040,1356,11cb511247d70d84adad5557a720254e5f73e3786dbcd399c6053a1982ce1784,4f93547f645a4c4cac32fbe8dbb229cde67fbf693157dc40db5940060a9cef18
0875.ppm,0875.png,6283111,2040,1536,3c4859b59635fe7fcd6ec182c798eb3af44a2eafb6e8b891df3db62d0da3c5e2,0b69f9803ca1dea70a6e18b0bff15e55a0cf0dbf58c9bfacca40f908429dbf0d
0876.ppm,0876.png,6016862,2040,1356,9d5a819847876bb0061bf1fd42b8bd97e8aef89d1f5fb09b1669b7e9546a25f1,5538b75fa0158dc37a82b5d86b070dd12688c61a27a288d2488d833c52c30ec7
0877.ppm,0877.png,2129458,2040,1152,4e0fb583729accf7b93e07b2b81ce8d919f6490cee2d1f90db90b60095a59165,bd288a606384216f9ee3288fea33e5667b147b1f13e7eb90d622d6951fbd92ae
0878.ppm,0878.png,5487714,2040,1740,e1aff248577bc04ddeba4f48a62aff421ca06450a703e4a450dd401e1efd9546,ec43d17e1ac4d84ec3bf2d7899bf74ee5e8e69ad8064c027b252b96d7fcc4d0f
0879.ppm,0879.png,5579815,2040,1872,ad5eb9637c891994c00f44358cf0a5238f642b8796b5cacaa8b59ba8bb51553a,62eeed477bac35fed2149d8e40b4f96a20b217e9aa5a82986fa1e899d78ce56c
0880.ppm,0880.png,3683176,1356,2040,db5773c6e460824c5132c23917492fda7acd370c87e9ae6293a0103fee2b642d,e9564e2e6a0d60965569241d415c784dbbaa53dcaf4f5b537fcb731680c27ab6
0881.ppm,0881.png,3900441,2040,1260,d2fba016ee3cee2395b677524d7ae2b2f6750cea1a6df4edc41f2977bd5d1b7c,a714114ea34ad87345993bef3442ac349c3c8e1673ec02689cd2755ce00fbb50
0882.ppm,0882.png,3829435,2040,1356,573345fb42061a43fe8f1c0b3b9faf57cdd77189782a4d89b78c31e421f19115,0ce7b99a1d5b9315d7f82a11e7cd14f1aedda33339b520b7d779704371fef3dc
0883.ppm,0883.png,5373716,2040,1380,3355621b3d834c320a66879e6cd23988df29f504f6cdecd22f1984b432a7e55a,f878340f9965457014ebea7820d0dc540df2e626362b983c479a51e6ddb98bea
0884.ppm,0884.png,5098099,2040,1356,06a928200ad757ff2422ecd2e12986bb90e3bf6b64c6062e5d31f864cdc992bc,70c1b7c20c95e6054ceb5b0e49cf62a5db1bd6854bc42dededef1c1909900faf
0885.ppm,0885.png,5913705,2040,1356,36f1c2b8af6d898354506ef3f78d386156cf1c1f1397c165a84e74cf6484d800,299ae80711471de5becbacf5461080ee7fdd0bda6af0fda5fb91a9f398961553
0886.ppm,0886.png,3506183,2040,1356,26af6bcdeea90b9900a021bf20a0550d9a1e107c59b4f05c96e8bccf0ab35db8,8df5383b42feab005837c0a69cedf2c98fca7e427b9f50c48d1cf3c9f85b9f0c
0887.ppm,0887.png,4556564,2040,1356,a0a893c9417fcd04067bf254512801f92ae7c795b686e05f7389853c9fb78b11,deb3e93a0bc55530ced12a15c594c5a0103ff81a799f8fe09dff41f1db65fc17
0888.ppm,0888.png,4544471,2040,1356,82a8d193f4eb0819ad3e48c048d13860d0b8f34d6fafc9b626e304294db3ba12,182f10f0ee5a7352ad0c3683db9ad01b6f6bc15a082cf50df0b025fecb51e2f4
0889.ppm,0889.png,4788458,2040,1356,a8f73c42065e3193c4deb883dcb3bc432a3f838e9be5bacea708ee39eb2c6e04,f09afa9690db154796b7114f310eae0e8ab079a35682fd4809b5f0d5523e128f
0890.ppm,0890.png,4345529,2040,1368,67069da53af2b4f5237030631b0b5e087b8014d7b0f59917d96924aca1ab433c,3f28400e0a3787897bf2018648ab907b9865bdb01a6d9d0430d4d0052930be68
0891.ppm,0891.png,5768470,1668,2040,8e36e76f3675831c87b2e645e70ef33513b898dc09beb20b0bdcc61cc6d63bed,d5b5fba4d1be7f7570dddbd2c822efe465c98e58f1a7f753095f19365f05171c
0892.ppm,0892.png,4086897,2040,1284,7fb05e491f00963e64b53a0f3f7a3d1af51f1434e7fd4898d4b84c479e1f66f9,1bade5c01a7ce9f79c852b5a0f08c37ad1e65c06ab00129988e7495914fbca13
0893.ppm,0893.png,4418622,2040,1356,cdcef3c0f0dd65da7ca0c4e75b672dd1f87f778740cb42d675bcb13dc1b3c307,f80c31d9c849e566e6e4ee5a14b680d13a41f3fd7b19e90a219cf7ea22206c1f
0894.ppm,0894.png,3412398,1356,2040,f412ff02984a0de7acc7e1209d02f8dcaa18ac76008fa260cf7c355e4a77976c,6b06b5621771d0cf010bc4c71c898679f8b63573125d0bcd47b2e7829ca4ec1d
0895.ppm,0895.png,6178881,2040,1284,a1c0888648fed4eb909c6e7f5f5db220ae98861294ebfdfa14b2c72567e96b2b,df4779230e7b1dddd8c097af5d4b8892dbe67ee65a9b209cd4e148e8e08338e7
0896.ppm,0896.png,3591222,2040,1356,367c698aa344cea6e790239f04bae168ef204ae771f6ea05285e5255fad2f84f,d9794eb5f563ffe72dcbea365b4c9f408ddcba1b99a1a35b87ecbda1042a4197
0897.ppm,0897.png,6332880,2040,1368,dca63f56dba4a2a2c6b920c4b0406c6c6459d8f7ffb0d20322f51fbbc8f14b38,5fe067b20ef1a9b777123877792faf1c9b9a751b82b8941f850c50af84d41694
0898.ppm,0898.png,3870199,2040,1356,4cd6696b8e59615ceacff729181dd9b0cc5ea936ea9a57e089bb1fe4fe87c347,ff8f2311cd08893e35160be22725ce8a15504885e6d73d71c821cf8609730f4b
0899.ppm,0899.png,4102088,2040,1356,77e25eca6c3828abbea8f7fcf360d9be7f496513aa9ec08ff3f2e3a9c272e60e,4ddede81682b56cb645083b13eb9103dd634c5ba72ee6c379f0a9c43b9e5c837
0900.ppm,0900.png,3849317,2040,1152,06717f2a8f5d21fcec9a9229a7ecaab44dec0343406a59464382f5c4fdea3023,52e4059f1a851b1d5d8f3c78c60080a8c8e0ae965bd749b968338e0e6f27e8d6
