kind,n,signals_per_batch,naive_batches,fft_batches,naive_cpu_s_per_batch,fft_cpu_s_per_batch,naive_wall_s_per_batch,fft_wall_s_per_batch,wall_speedup,max_abs_error
DFT,1,50,7855,11111,0.000025843,0.000019710,0.000025471,0.000018988,1.341426,0
DFT,2,50,3774,4388,0.000053789,0.000042844,0.000053260,0.000045740,1.164406,1.51560600345e-014
DFT,4,50,1236,1381,0.000164239,0.000158581,0.000162558,0.000155262,1.046988,1.13686837722e-013
DFT,8,50,513,713,0.000395712,0.000284712,0.000391164,0.000281008,1.392007,7.80433436929e-013
DFT,16,50,126,314,0.001484127,0.000646497,0.001591440,0.000640010,2.486585,2.3806575043e-012
DFT,32,50,38,130,0.005368421,0.001561538,0.005334566,0.001538511,3.467355,2.09211583406e-011
DFT,64,50,10,63,0.020300000,0.003222222,0.020078230,0.003374834,5.949398,1.70653940904e-010
DCT,2,50,1336,359,0.000139970,0.000565460,0.000149826,0.000557870,0.268569,5.68434188608e-014
DCT,4,50,96,80,0.002114583,0.002537500,0.002095819,0.002517018,0.832659,1.20792265079e-013
DCT,8,50,7,17,0.031285714,0.011058824,0.030574390,0.011787302,2.593841,3.12638803734e-013
DCT,16,50,1,4,0.500000000,0.050750000,0.500547171,0.053869188,9.291901,1.53477230924e-012
